{
  "temperature": 0,
  "downfall": 0.5,
  "precipitation": "rain",
  "temperature_modifier": "none",
  "category": "plains",
  "creature_spawn_probability": 0.1,
  "effects": {
    "sky_color": 9403861,
    "fog_color": 9403903,
    "water_color": 4934603,
    "water_fog_color": 4951243,
    "grass_color": 6202975,
    "foliage_color": 6199388,
    "grass_color_modifier": "none",
    "mood_sound": {
      "sound": "minecraft:ambient.cave",
      "tick_delay": 6000,
      "block_search_extent": 8,
      "offset": 2
    },
    "particle": {
      "options": {
        "type": "minecraft:ash"
      },
      "probability": 0.001
    }
  },
  "spawners": {
    "monster": [
      {
        "type": "minecraft:phantom",
        "weight": 12,
        "minCount": 1,
        "maxCount": 1
      }
    ],
    "ambient": [],
    "creature": [],
    "water_creature": [],
    "water_ambient": [],
    "misc": []
  },
  "spawn_costs": {
    "phantom": {
      "energy_budget": 1,
      "charge": 1
    }
  },
  "carvers": {
    "air": [
      "minecraft:cave"
    ]
  },
  "features": [
    [],
    [],
    [],
    [],
    [],
    [],
    [],
    [],
    [],
    []
  ]
}
