{
  "surface_builder": "minecraft:grass",
  "depth": 0,
  "scale": 1,
  "temperature": 0.95,
  "downfall": 0.9,
  "precipitation": "rain",
  "category": "jungle",
  "player_spawn_friendly": true,
  "effects": {
    "sky_color": 65505,
    "fog_color": 65459,
    "water_color": 4159204,
    "water_fog_color": 329011,
    "mood_sound": {
      "sound": "minecraft:ambient.cave",
      "tick_delay": 6000,
      "block_search_extent": 8,
      "offset": 2
    }
  },
  "starts": [
    "minecraft:jungle_pyramid",
    "minecraft:mineshaft",
    "minecraft:stronghold",
    "minecraft:ruined_portal_jungle"
  ],
  "spawners": {
    "monster": [
      {
        "type": "minecraft:spider",
        "weight": 100,
        "minCount": 4,
        "maxCount": 4
      },
      {
        "type": "minecraft:zombie",
        "weight": 95,
        "minCount": 4,
        "maxCount": 4
      },
      {
        "type": "minecraft:zombie_villager",
        "weight": 5,
        "minCount": 1,
        "maxCount": 1
      },
      {
        "type": "minecraft:skeleton",
        "weight": 100,
        "minCount": 4,
        "maxCount": 4
      },
      {
        "type": "minecraft:creeper",
        "weight": 100,
        "minCount": 4,
        "maxCount": 4
      },
      {
        "type": "minecraft:slime",
        "weight": 100,
        "minCount": 4,
        "maxCount": 4
      },
      {
        "type": "minecraft:enderman",
        "weight": 10,
        "minCount": 1,
        "maxCount": 4
      },
      {
        "type": "minecraft:witch",
        "weight": 5,
        "minCount": 1,
        "maxCount": 1
      },
      {
        "type": "minecraft:ocelot",
        "weight": 2,
        "minCount": 1,
        "maxCount": 3
      }
    ],
    "creature": [
      {
        "type": "minecraft:sheep",
        "weight": 12,
        "minCount": 4,
        "maxCount": 4
      },
      {
        "type": "minecraft:pig",
        "weight": 10,
        "minCount": 4,
        "maxCount": 4
      },
      {
        "type": "minecraft:chicken",
        "weight": 10,
        "minCount": 4,
        "maxCount": 4
      },
      {
        "type": "minecraft:cow",
        "weight": 8,
        "minCount": 4,
        "maxCount": 4
      },
      {
        "type": "minecraft:chicken",
        "weight": 10,
        "minCount": 4,
        "maxCount": 4
      },
      {
        "type": "minecraft:parrot",
        "weight": 40,
        "minCount": 1,
        "maxCount": 2
      },
      {
        "type": "minecraft:panda",
        "weight": 1,
        "minCount": 1,
        "maxCount": 2
      }
    ],
    "ambient": [
      {
        "type": "minecraft:bat",
        "weight": 10,
        "minCount": 8,
        "maxCount": 8
      }
    ],
    "underground_water_creature": [],
    "water_creature": [],
    "water_ambient": [],
    "misc": []
  },
  "spawn_costs": {},
  "carvers": {
    "air": [
      "minecraft:cave",
      "minecraft:canyon"
    ]
  },
  "features": [
    [],
    [
      "minecraft:lake_water",
      "minecraft:lake_lava"
    ],
    [
      "minecraft:amethyst_geode"
    ],
    [
      "minecraft:monster_room"
    ],
    [],
    [],
    [
      "minecraft:disk_sand",
      "minecraft:disk_clay",
      "minecraft:disk_gravel"
    ],
    [
      "minecraft:rare_dripstone_cluster",
      "minecraft:rare_small_dripstone"
    ],
    [
      "minecraft:bamboo_light",
      "minecraft:trees_jungle",
      "minecraft:flower_warm",
      "minecraft:patch_grass_jungle",
      "minecraft:brown_mushroom_normal",
      "minecraft:red_mushroom_normal",
      "minecraft:patch_sugar_cane",
      "minecraft:patch_pumpkin",
      "minecraft:spring_water",
      "minecraft:spring_lava",
      "minecraft:patch_melon",
      "minecraft:vines",
      "trimensions:sky_mountains/coal_ore"
    ],
    [
      "minecraft:freeze_top_layer"
    ]
  ]
}
