{
  "temperature": 1.9,
  "downfall": 0,
  "precipitation": "none",
  "temperature_modifier": "none",
  "category": "desert",
  "creature_spawn_probability": 0.3,
  "effects": {
    "sky_color": 7254527,
    "fog_color": 12638463,
    "water_color": 4159204,
    "water_fog_color": 329011,
    "grass_color_modifier": "none",
    "mood_sound": {
      "sound": "minecraft:ambient.cave",
      "tick_delay": 6000,
      "block_search_extent": 8,
      "offset": 2
    }
  },
  "spawners": {
    "monster": [
      {
        "type": "minecraft:vex",
        "weight": 4,
        "minCount": 1,
        "maxCount": 3
      },
      {
        "type": "minecraft:husk",
        "weight": 90,
        "minCount": 2,
        "maxCount": 4
      },
      {
        "type": "minecraft:skeleton",
        "weight": 80,
        "minCount": 1,
        "maxCount": 2
      },
      {
        "type": "minecraft:creeper",
        "weight": 90,
        "minCount": 1,
        "maxCount": 4
      },
      {
        "type": "minecraft:enderman",
        "weight": 15,
        "minCount": 1,
        "maxCount": 2
      }
    ],
    "ambient": [],
    "creature": [],
    "water_creature": [],
    "water_ambient": [],
    "misc": []
  },
  "spawn_costs": {},
  "carvers": {
    "air": [
      "minecraft:cave",
      "minecraft:canyon"
    ]
  },
  "features": [
    [],
    [],
    [],
    [
      "minecraft:monster_room"
    ],
    [],
    [],
    [],
    [],
    [
      "minecraft:flower_swamp",
      "minecraft:patch_grass_normal",
      "minecraft:patch_dead_bush",
      "minecraft:brown_mushroom_swamp",
      "minecraft:red_mushroom_swamp",
      "minecraft:brown_mushroom_normal",
      "minecraft:red_mushroom_normal",
      "minecraft:patch_sugar_cane_swamp",
      "minecraft:patch_melon",
      "minecraft:spring_water",
      "minecraft:spring_lava",
      "minecraft:seagrass_swamp",
      "minecraft:patch_large_fern",
      "minecraft:vines",
      "minecraft:sea_pickle",
      "trimensions:sky_mountains/gold_ore"
    ],
    []
  ]
}
