{
  "temperature": 0.8,
  "downfall": 0.5,
  "precipitation": "rain",
  "temperature_modifier": "none",
  "category": "taiga",
  "creature_spawn_probability": 0.3,
  "effects": {
    "sky_color": 3119746,
    "fog_color": 3119759,
    "water_color": 4934603,
    "water_fog_color": 4951243,
    "grass_color": 6202975,
    "foliage_color": 6199388,
    "grass_color_modifier": "none",
    "mood_sound": {
      "sound": "minecraft:ambient.cave",
      "tick_delay": 6000,
      "block_search_extent": 8,
      "offset": 2
    },
    "particle": {
      "options": {
        "type": "minecraft:totem_of_undying"
      },
      "probability": 0.001
    }
  },
  "spawners": {
    "monster": [
      {
        "type": "minecraft:vex",
        "weight": 7,
        "minCount": 1,
        "maxCount": 3
      },
      {
        "type": "minecraft:zombie",
        "weight": 90,
        "minCount": 2,
        "maxCount": 4
      },
      {
        "type": "minecraft:skeleton",
        "weight": 80,
        "minCount": 1,
        "maxCount": 2
      },
      {
        "type": "minecraft:creeper",
        "weight": 90,
        "minCount": 1,
        "maxCount": 4
      },
      {
        "type": "minecraft:enderman",
        "weight": 15,
        "minCount": 1,
        "maxCount": 2
      }
    ],
    "ambient": [],
    "creature": [],
    "water_creature": [],
    "water_ambient": [],
    "misc": []
  },
  "spawn_costs": {},
  "carvers": {
    "air": [
      "minecraft:cave",
      "minecraft:canyon"
    ]
  },
  "features": [
    [],
    [],
    [
      "minecraft:forest_rock"
    ],
    [
      "minecraft:monster_room"
    ],
    [],
    [],
    [],
    [],
    [
      "minecraft:flower_swamp",
      "minecraft:patch_grass_normal",
      "minecraft:patch_dead_bush",
      "minecraft:brown_mushroom_swamp",
      "minecraft:red_mushroom_swamp",
      "minecraft:brown_mushroom_normal",
      "minecraft:red_mushroom_normal",
      "minecraft:patch_sugar_cane_swamp",
      "minecraft:patch_melon",
      "minecraft:spring_water",
      "minecraft:spring_lava",
      "minecraft:seagrass_swamp",
      "minecraft:patch_large_fern",
      "minecraft:vines",
      "minecraft:sea_pickle",
      "minecraft:ore_lapis",
      "trimensions:sky_mountains/fungus_tree",
      "trimensions:sky_mountains/middle_tree",
      "trimensions:sky_mountains/fancy_tree"
    ],
    []
  ]
}
