{
    "display": {
        "title": {
            "text": "Welcome to the Trimensions!"
        },
        "description": {
            "text": "Thank you for using the Trimensions by Coosanta!"
        },
        "icon": {
            "item": "minecraft:filled_map"
        },
        "frame": "task",
        "show_toast": true,
        "announce_to_chat": false,
        "hidden": false,
        "background": "minecraft:textures/gui/advancements/backgrounds/stone.png"
    },
    "criteria": {
        "start": {
            "trigger": "minecraft:tick"
        }
    },
    "requirements": [
        [
            "start"
        ]
    ]
}