{
    "type": "minecraft:decorated",
    "config": {
      "decorator": {
        "type": "minecraft:count",
        "config": {
          "count": {
            "type": "minecraft:uniform",
            "value": {
              "min_inclusive": 0,
              "max_inclusive": 2
            }
          }
        }
      },
      "feature": {
        "type": "minecraft:decorated",
        "config": {
          "decorator": {
            "type": "minecraft:decorated",
            "config": {
              "outer": {
                "type": "minecraft:square",
                "config": {}
              },
              "inner": {
                "type": "minecraft:heightmap",
                "config": {
                  "heightmap": "MOTION_BLOCKING"
                }
              }
            }
          },
          "feature": {
            "type": "minecraft:block_pile",
            "config": {
              "state_provider": {
                "type": "minecraft:simple_state_provider",
                "state": {
                  "Name": "minecraft:lapis_ore"
                }
              }
            }
          }
        }
      }
    }
  }  