{
  "type": "minecraft:tree",
  "config": {
    "ignore_vines": false,
    "force_dirt": false,
    "minimum_size": {
      "type": "minecraft:two_layers_feature_size",
      "limit": 1,
      "lower_size": 0,
      "upper_size": 1
    },
    "dirt_provider": {
      "type": "minecraft:simple_state_provider",
      "state": {
        "Name": "minecraft:dirt"
      }
    },
    "trunk_provider": {
      "type": "minecraft:simple_state_provider",
      "state": {
        "Name": "minecraft:birch_log",
        "Properties": {
          "axis": "y"
        }
      }
    },
    "foliage_provider": {
      "type": "minecraft:simple_state_provider",
      "state": {
        "Name": "minecraft:birch_leaves",
        "Properties": {
          "persistent": "false",
          "distance": "7"
        }
      }
    },
    "trunk_placer": {
      "type": "minecraft:mega_jungle_trunk_placer",
      "base_height": 15,
      "height_rand_a": 3,
      "height_rand_b": 0
    },
    "foliage_placer": {
      "type": "minecraft:mega_pine_foliage_placer",
      "radius": 2,
      "offset": 0,
      "crown_height": {
        "type": "minecraft:uniform",
        "value": {
          "min_inclusive": 5,
          "max_inclusive": 8
        }
      }
    },
    "decorators": []
  }
}
