{
  "type": "trimensions:sky_mountains",
  "generator": {
    "type": "minecraft:noise",
    "seed": 2111844826,
    "settings": "trimensions:sky_mountains",
    "biome_source": {
      "type": "minecraft:multi_noise",
      "seed": 2111844826,
      "altitude_noise": {
        "firstOctave": -8,
        "amplitudes": [
          1,
          1
        ]
      },
      "temperature_noise": {
        "firstOctave": -8,
        "amplitudes": [
          1,
          1
        ]
      },
      "humidity_noise": {
        "firstOctave": -8,
        "amplitudes": [
          1,
          1
        ]
      },
      "weirdness_noise": {
        "firstOctave": -8,
        "amplitudes": [
          1,
          1
        ]
      },
      "biomes": [
        {
          "biome": "trimensions:deep_caverns/drpistone_caverns",
          "parameters": {
            "altitude": 0,
            "temperature": 0,
            "humidity": 0.6,
            "weirdness": 0.5,
            "offset": 0
          }
        },
        {
          "biome": "trimensions:deep_caverns/lush_caverns",
          "parameters": {
            "altitude": 0,
            "temperature": 0,
            "humidity": 1,
            "weirdness": 0,
            "offset": 0
          }
        },
        {
          "biome": "trimensions:deep_caverns/fluorescent_valley",
          "parameters": {
            "altitude": 0,
            "temperature": 0,
            "humidity": 0,
            "weirdness": 0.83,
            "offset": 0.3
          }
        },
        {
          "biome": "trimensions:deep_caverns/deepslate_caverns",
          "parameters": {
            "altitude": 0,
            "temperature": 0,
            "humidity": -0.75,
            "weirdness": 0.5,
            "offset": 0
          }
        },
        {
          "biome": "trimensions:deep_caverns/volcanic_vents",
          "parameters": {
            "altitude": 0,
            "temperature": 1,
            "humidity": 1,
            "weirdness": 0,
            "offset": 0
          }
        },
        {
          "biome": "trimensions:deep_caverns/subeterrain_ocean",
          "parameters": {
            "altitude": -1,
            "temperature": 0,
            "humidity": 0,
            "weirdness": 0,
            "offset": 0
          }
        },
        {
          "biome": "trimensions:deep_caverns/bedrock_hollows",
          "parameters": {
            "altitude": 0,
            "temperature": 0,
            "humidity": 0,
            "weirdness": 0.975,
            "offset": 0
          }
        },
        {
          "biome": "trimensions:deep_caverns/deeper_dark",
          "parameters": {
            "altitude": 0,
            "temperature": -0.5,
            "humidity": 0,
            "weirdness": 0.9,
            "offset": 0
          }
        },
        {
          "biome": "trimensions:deep_caverns/ice_caverns",
          "parameters": {
            "altitude": 0,
            "temperature": -0.8,
            "humidity": -1,
            "weirdness": 0,
            "offset": 0
          }
        }
      ]
    }
  }
}
