{
  "type": "trimensions:deep_caverns",
  "generator": {
    "type": "minecraft:noise",
    "seed": 2111844826,
    "settings": "trimensions:deep_caverns",
    "biome_source": {
      "type": "minecraft:multi_noise",
      "biomes": [
        {
          "biome": "trimensions:deep_caverns/dripstone_caverns",
          "parameters": {
            "temperature": 0,
            "humidity": 0.6,
            "continentalness": 0.1,
            "erosion": 0,
            "weirdness": 0.5,
            "depth": 0,
            "offset": 0
          }
        },
        {
          "biome": "trimensions:deep_caverns/lush_caverns",
          "parameters": {
            "temperature": [
              0,
              1
            ],
            "humidity": 1,
            "continentalness": 0,
            "erosion": 0,
            "weirdness": 0,
            "depth": 0,
            "offset": 0
          }
        },
        {
          "biome": "trimensions:deep_caverns/fluorescent_valley",
          "parameters": {
            "temperature": [
              0.3333333333333333,
              2
            ],
            "humidity": 0,
            "continentalness": 0,
            "erosion": 0,
            "weirdness": 0.83,
            "depth": 0,
            "offset": 0.3
          }
        },
        {
          "biome": "trimensions:deep_caverns/deepslate_caverns",
          "parameters": {
            "temperature": 0,
            "humidity": -0.75,
            "continentalness": 0.15,
            "erosion": 0,
            "weirdness": 0.5,
            "depth": 0,
            "offset": 0
          }
        },
        {
          "biome": "trimensions:deep_caverns/volcanic_vents",
          "parameters": {
            "temperature": [
              0.6666666666666667,
              2
            ],
            "humidity": 0,
            "continentalness": 0,
            "erosion": 0,
            "weirdness": 0,
            "depth": 0,
            "offset": 0
          }
        },
        {
          "biome": "trimensions:deep_caverns/subterrain_ocean",
          "parameters": {
            "temperature": 0,
            "humidity": 0,
            "continentalness": 0,
            "erosion": [
              0.5,
              2
            ],
            "weirdness": 0,
            "depth": 0,
            "offset": 0
          }
        },
        {
          "biome": "trimensions:deep_caverns/bedrock_hollows",
          "parameters": {
            "temperature": 0,
            "humidity": 0,
            "continentalness": 0,
            "erosion": 0,
            "weirdness": 0.975,
            "depth": 0,
            "offset": 0
          }
        },
        {
          "biome": "trimensions:deep_caverns/deeper_dark",
          "parameters": {
            "temperature": -0.5,
            "humidity": 0,
            "continentalness": 0,
            "erosion": 0,
            "weirdness": 0.9,
            "depth": 0,
            "offset": 0
          }
        },
        {
          "biome": "trimensions:deep_caverns/ice_caverns",
          "parameters": {
            "temperature": -0.8,
            "humidity": -1,
            "continentalness": 0,
            "erosion": 0,
            "weirdness": 0,
            "depth": 0,
            "offset": 0
          }
        }
      ]
    }
  }
}
