{
  "type": "trimensions:sky_mountains",
  "generator": {
    "type": "minecraft:noise",
    "seed": 2111844826,
    "settings": "trimensions:sky_mountains",
    "biome_source": {
      "type": "minecraft:multi_noise",
      "biomes": [
        {
          "biome": "trimensions:sky_mountains/barren_mountains",
          "parameters": {
            "temperature": [
              -1.3,
              -0.91213145297
            ],
            "humidity": 0.1,
            "continentalness": 1,
            "erosion": 0,
            "weirdness": -0.8,
            "depth": 0,
            "offset": 0
          }
        },
        {
          "biome": "trimensions:sky_mountains/xp_forests",
          "parameters": {
            "temperature": 0.75,
            "humidity": 0.8,
            "continentalness": 0,
            "erosion": 0,
            "weirdness": 0.89,
            "depth": 0,
            "offset": 0
          }
        },
        {
          "biome": "trimensions:sky_mountains/lapis_fields",
          "parameters": {
            "temperature": [
              0.666666666666667,
              1
            ],
            "humidity": 0.2,
            "continentalness": 0.25,
            "erosion": 0,
            "weirdness": 0.1,
            "depth": 0,
            "offset": 1
          }
        },
        {
          "biome": "trimensions:sky_mountains/icy_islands",
          "parameters": {
            "temperature": -1.5,
            "humidity": 0,
            "continentalness": 0,
            "erosion": 0,
            "weirdness": 0,
            "depth": 0,
            "offset": 0.123456789
          }
        },
        {
          "biome": "trimensions:sky_mountains/cold_islands",
          "parameters": {
            "temperature": -1.5,
            "humidity": 0,
            "continentalness": 0,
            "erosion": 0,
            "weirdness": 0,
            "depth": 0,
            "offset": 0.314159265359
          }
        },
        {
          "biome": "trimensions:sky_mountains/sky_void",
          "parameters": {
            "temperature": 0,
            "humidity": 0,
            "continentalness": 0,
            "erosion": 0,
            "weirdness": 1,
            "depth": 0,
            "offset": 1
          }
        },
        {
          "biome": "trimensions:sky_mountains/cold_island_edge",
          "parameters": {
            "temperature": -1.45,
            "humidity": 0,
            "continentalness": 0,
            "erosion": 0,
            "weirdness": 0,
            "depth": 0,
            "offset": 0.55
          }
        },
        {
          "biome": "trimensions:sky_mountains/sandy_islands",
          "parameters": {
            "temperature": 1.4776,
            "humidity": -0.102,
            "continentalness": 0,
            "erosion": 0,
            "weirdness": 0,
            "depth": 0,
            "offset": 0
          }
        },
        {
          "biome": "trimensions:sky_mountains/warm_islands",
          "parameters": {
            "temperature": 1.476767677777778,
            "humidity": -0.101,
            "continentalness": 0.134777777778,
            "erosion": 0,
            "weirdness": 0,
            "depth": 0,
            "offset": 0.075
          }
        },
        {
          "biome": "trimensions:sky_mountains/warm_islands_edge",
          "parameters": {
            "temperature": 1.467676767777778,
            "humidity": -0.001,
            "continentalness": 0,
            "erosion": 0,
            "weirdness": 0,
            "depth": 0,
            "offset": 0.27
          }
        },
        {
          "biome": "trimensions:sky_mountains/modified_cold_island_edge",
          "parameters": {
            "temperature": -0.5,
            "humidity": 0,
            "continentalness": 0,
            "erosion": 0,
            "weirdness": -1.2,
            "depth": 0,
            "offset": 0.995
          }
        },
        {
          "biome": "trimensions:sky_mountains/tropical_islands",
          "parameters": {
            "temperature": 1.3,
            "humidity": 1,
            "continentalness": 0,
            "erosion": 0,
            "weirdness": 0,
            "depth": 0,
            "offset": 0
          }
        }
      ]
    }
  }
}
