{
    "depth": 0,
    "scale": 1,
    "precipitation": "rain",
    "category": "extreme_hills",
    "temperature": 0.8,
    "temperature_modifier": "none",
    "downfall": 0.5,
    "player_spawn_friendly": false,
    "creature_spawn_probability": 0.3,
    "effects": {
        "fog_color": 9403903,
        "sky_color": 9403861,
        "water_color": 4934603,
        "water_fog_color": 4951243,
        "foliage_color": 6199388,
        "grass_color": 6202975,
        "grass_color_modifier": "none",
        "particle": {
            "options": {
                "type": "minecraft:ash"
            },
            "probability": 0.0000001
        },
        "mood_sound": {
            "sound": "minecraft:ambient.cave",
            "tick_delay": 6000,
            "block_search_extent": 8,
            "offset": 2.0
        }
    },
    "surface_builder": "minecraft:mountain",
    "carvers": {
        "air": [
            "minecraft:cave",
            "minecraft:canyon"
        ]
    },
    "features": [
        [],
        [
            "minecraft:lake_water"
        ],
        [],
        [
            "minecraft:monster_room"
        ],
        [],
        [],
        [],
        [],
        [
            "minecraft:flower_swamp",
            "minecraft:patch_grass_normal",
            "minecraft:patch_dead_bush",
            "minecraft:patch_waterlilly",
            "minecraft:brown_mushroom_swamp",
            "minecraft:red_mushroom_swamp",
            "minecraft:brown_mushroom_normal",
            "minecraft:red_mushroom_normal",
            "minecraft:patch_sugar_cane_swamp",
            "minecraft:patch_melon",
            "minecraft:spring_water",
            "minecraft:spring_lava",
            "minecraft:seagrass_swamp",
            "minecraft:patch_large_fern",
            "minecraft:brown_mushroom_giant",
            "minecraft:red_mushroom_giant",
            "minecraft:vines",
            "minecraft:sea_pickle",
            "trimensions:sky_mountains/iron_ore"
        ],
        [
            "minecraft:freeze_top_layer"
        ]
    ],
    "starts": [],
    "spawn_costs": {},
    "spawners": {
        "monster": [
            {
                "type": "minecraft:vex",
                "weight": 12,
                "maxCount": 3,
                "minCount": 1
            },
            {
                "type": "minecraft:zombie",
                "weight": 90,
                "minCount": 2,
                "maxCount": 4
            },
            {
                "type": "minecraft:skeleton",
                "weight": 80,
                "minCount": 1,
                "maxCount": 2
            },
            {
                "type": "minecraft:creeper",
                "weight": 90,
                "minCount": 1,
                "maxCount": 4
            },
            {
                "type": "minecraft:enderman",
                "weight": 15,
                "minCount": 1,
                "maxCount": 2
            }
        ],
        "ambient": [],
        "creature": [],
        "water_creature": [],
        "water_ambient": [
            {
                "type": "minecraft:salmon",
                "weight": 5,
                "minCount": 1,
                "maxCount": 5
            }
          ],
        "misc": []
    }
}