{
    "depth": 0,
    "scale": 1,
    "precipitation": "snow",
    "category": "icy",
    "temperature": 0.0,
    "temperature_modifier": "frozen",
    "downfall": 0.5,
    "player_spawn_friendly": true,
    "creature_spawn_probability": 0.7,
    "effects": {
        "fog_color": 9032703,
        "sky_color": 9027583,
        "water_color": 9022709,
        "water_fog_color": 9025781,
        "foliage_color": 6199388,
        "grass_color": 6202975,
        "grass_color_modifier": "none",
        "particle": {
            "options": {
                "type": "minecraft:spit"
            },
            "probability": 0.0005
        },
        "mood_sound": {
            "sound": "minecraft:ambient.cave",
            "tick_delay": 6000,
            "block_search_extent": 8,
            "offset": 2.0
        }
    },
    "surface_builder": "minecraft:grass",
    "carvers": {
        "air": [
            "minecraft:cave",
            "minecraft:canyon"
        ]
    },
    "features": [
        [],
        [
            "minecraft:lake_water"
        ],
        [],
        [],
        [
            "minecraft:ice_patch"
        ],
        [],
        [],
        [],
        [
            "minecraft:glow_lichen",
            "minecraft:trees_snowy",
            "minecraft:flower_default",
            "minecraft:patch_grass_taiga",
            "minecraft:patch_sugar_cane",
            "minecraft:patch_pumpkin",
            "minecraft:spring_water",
            "minecraft:spring_lava",
            "trimensions:sky_mountains/coal_ore"
        ],
        [
            "minecraft:freeze_top_layer"
        ]
    ],
    "starts": [],
    "spawn_costs": {},
    "spawners": {
        "monster": [
            {
                "type": "minecraft:vex",
                "weight": 4,
                "maxCount": 3,
                "minCount": 1
            },
            {
                "type": "minecraft:zombie",
                "weight": 90,
                "minCount": 2,
                "maxCount": 4
            },
            {
                "type": "minecraft:husk",
                "weight": 80,
                "minCount": 1,
                "maxCount": 2
            },
            {
                "type": "minecraft:creeper",
                "weight": 90,
                "minCount": 1,
                "maxCount": 4
            },
            {
                "type": "minecraft:enderman",
                "weight": 15,
                "minCount": 1,
                "maxCount": 2
            }
        ],
        "ambient": [
            {
              "type": "minecraft:bat",
              "weight": 10,
              "minCount": 8,
              "maxCount": 8
            }
          ],
          "creature": [
            {
              "type": "minecraft:rabbit",
              "weight": 10,
              "minCount": 2,
              "maxCount": 3
            },
            {
              "type": "minecraft:polar_bear",
              "weight": 1,
              "minCount": 1,
              "maxCount": 2
            }
          ],
        "water_creature": [],
        "water_ambient": [],
        "misc": []
    }
}