{
    "surface_builder": "minecraft:badlands",
    "depth": 0,
    "scale": 1,
    "temperature": 1.9,
    "downfall": 0,
    "precipitation": "none",
    "temperature_modifier": "none",
    "category": "mesa",
    "player_spawn_friendly": true,
    "creature_spawn_probability": 0.3,
    "effects": {
      "sky_color": 14407582,
      "fog_color": 15657888,
      "water_color": 4159204,
      "water_fog_color": 329011,
      "grass_color_modifier": "none",
      "mood_sound": {
        "sound": "minecraft:ambient.cave",
        "tick_delay": 6000,
        "block_search_extent": 8,
        "offset": 2
      },
      "particle": {
        "options": {
          "type": "minecraft:falling_dust"
        },
        "probability": 0.001
      }
    },
    "starts": [
      "minecraft:mineshaft_mesa"
    ],
    "spawners": {
      "monster": [
        {
          "type": "minecraft:husk",
          "weight": 90,
          "minCount": 2,
          "maxCount": 4
        },
        {
          "type": "minecraft:skeleton",
          "weight": 80,
          "minCount": 1,
          "maxCount": 2
        },
        {
          "type": "minecraft:creeper",
          "weight": 90,
          "minCount": 1,
          "maxCount": 4
        },
        {
          "type": "minecraft:enderman",
          "weight": 15,
          "minCount": 1,
          "maxCount": 2
        }
      ],
      "ambient": [],
      "creature": [],
      "water_creature": [],
      "water_ambient": [],
      "misc": []
    },
    "spawn_costs": {},
    "carvers": {
      "air": [
        "minecraft:cave",
        "minecraft:canyon"
      ]
    },
    "features": [
      [],
      [
        "minecraft:lake_water"
      ],
      [],
      [
        "minecraft:monster_room"
      ],
      [],
      [],
      [],
      [],
      [
        "minecraft:flower_swamp",
        "minecraft:patch_grass_normal",
        "minecraft:patch_dead_bush",
        "minecraft:patch_waterlilly",
        "minecraft:brown_mushroom_swamp",
        "minecraft:red_mushroom_swamp",
        "minecraft:brown_mushroom_normal",
        "minecraft:red_mushroom_normal",
        "minecraft:patch_sugar_cane_swamp",
        "minecraft:patch_melon",
        "minecraft:spring_water",
        "minecraft:spring_lava",
        "minecraft:seagrass_swamp",
        "minecraft:patch_large_fern",
        "minecraft:brown_mushroom_giant",
        "minecraft:red_mushroom_giant",
        "minecraft:vines",
        "minecraft:sea_pickle",
        "trimensions:sky_mountains/gold_ore",
        "minecraft:patch_cactus_decorated",
        "minecraft:patch_grass_badlands",
        "minecraft:patch_dead_bush_badlands"
      ],
      []
    ]
  }
  