{
    "type": "minecraft:decorated",
    "config": {
      "decorator": {
        "type": "minecraft:count",
        "config": {
          "count": 2
        }
      },
      "feature": {
        "type": "minecraft:decorated",
        "config": {
          "decorator": {
            "type": "minecraft:square",
            "config": {}
          },
          "feature": {
            "type": "minecraft:decorated",
            "config": {
              "decorator": {
                "type": "minecraft:heightmap",
                "config": {
                  "heightmap": "WORLD_SURFACE_WG"
                }
              },
              "feature": {
                "type": "minecraft:decorated",
                "config": {
                  "decorator": {
                    "type": "minecraft:water_depth_threshold",
                    "config": {
                      "max_water_depth": 0
                    }
                  },
                  "feature": {
                    "type": "minecraft:tree",
                    "config": {
                      "ignore_vines": false,
                      "force_dirt": false,
                      "minimum_size": {
                        "type": "minecraft:two_layers_feature_size",
                        "limit": 1,
                        "lower_size": 0,
                        "upper_size": 2
                      },
                      "dirt_provider": {
                        "type": "minecraft:simple_state_provider",
                        "state": {
                          "Name": "minecraft:dirt"
                        }
                      },
                      "sapling_provider": {
                        "type": "minecraft:simple_state_provider",
                        "state": {
                          "Name": "minecraft:dirt"
                        }
                      },
                      "trunk_provider": {
                        "type": "minecraft:simple_state_provider",
                        "state": {
                          "Name": "minecraft:dark_oak_log",
                          "Properties": {
                            "axis": "y"
                          }
                        }
                      },
                      "foliage_provider": {
                        "type": "minecraft:simple_state_provider",
                        "state": {
                          "Name": "minecraft:dark_oak_leaves",
                          "Properties": {
                            "persistent": "false",
                            "distance": "7"
                          }
                        }
                      },
                      "trunk_placer": {
                        "type": "minecraft:fancy_trunk_placer",
                        "base_height": 8,
                        "height_rand_a": 10,
                        "height_rand_b": 5
                      },
                      "foliage_placer": {
                        "type": "minecraft:fancy_foliage_placer",
                        "radius": 1,
                        "offset": 2,
                        "height": 6
                      },
                      "decorators": [
                        {
                          "type": "minecraft:trunk_vine"
                        },
                        {
                          "type": "minecraft:leave_vine"
                        }
                      ]
                    }
                  }
                }
              }
            }
          }
        }
      }
    }
  }
  