{
    "type": "minecraft:decorated",
    "config": {
      "decorator": {
        "type": "minecraft:count",
        "config": {
          "count": 3
        }
      },
      "feature": {
        "type": "minecraft:decorated",
        "config": {
          "decorator": {
            "type": "minecraft:square",
            "config": {}
          },
          "feature": {
            "type": "minecraft:decorated",
            "config": {
              "decorator": {
                "type": "minecraft:range",
                "config": {
                  "height": {
                    "type": "minecraft:uniform",
                    "min_inclusive": {
                      "above_bottom": 0
                    },
                    "max_inclusive": {
                      "below_top": 0
                    }
                  }
                }
              },
              "feature": {
                "type": "minecraft:netherrack_replace_blobs",
                "config": {
                  "state": {
                    "Name": "minecraft:lapis_ore"
                  },
                  "target": {
                    "Name": "minecraft:stone"
                  },
                  "radius": 2
                }
              }
            }
          }
        }
      }
    }
  }
  