{
  "type": "minecraft:decorated",
  "config": {
    "decorator": {
      "type": "minecraft:count",
      "config": {
        "count": 2
      }
    },
      "feature": {
        "type": "minecraft:decorated",
        "config": {
          "decorator": {
            "type": "minecraft:square",
            "config": {}
          },
          "feature": {
            "type": "minecraft:decorated",
            "config": {
              "decorator": {
                "type": "minecraft:heightmap",
                "config": {
                  "heightmap": "WORLD_SURFACE_WG"
                }
              },
              "feature": {
                "type": "minecraft:tree",
                "config": {
                  "ignore_vines": false,
                  "force_dirt": false,
                  "minimum_size": {
                    "type": "minecraft:two_layers_feature_size",
                    "limit": 1,
                    "lower_size": 0,
                    "upper_size": 1
                  },
                  "dirt_provider": {
                    "type": "minecraft:simple_state_provider",
                    "state": {
                      "Name": "minecraft:dirt"
                    }
                  },
                  "sapling_provider": {
                    "type": "minecraft:simple_state_provider",
                    "state": {
                      "Name": "minecraft:dirt"
                    }
                  },
                  "trunk_provider": {
                    "type": "minecraft:simple_state_provider",
                    "state": {
                      "Name": "minecraft:birch_log",
                      "Properties": {
                        "axis": "y"
                      }
                    }
                  },
                  "foliage_provider": {
                    "type": "minecraft:simple_state_provider",
                    "state": {
                      "Name": "minecraft:birch_leaves",
                      "Properties": {
                        "persistent": "false",
                        "distance": "7"
                      }
                    }
                  },
                  "trunk_placer": {
                    "type": "minecraft:straight_trunk_placer",
                    "base_height": 18,
                    "height_rand_a": 3,
                    "height_rand_b": 0
                  },
                  "foliage_placer": {
                    "type": "minecraft:jungle_foliage_placer",
                    "radius": 2,
                    "offset": 0,
                    "height": 3
                  },
                  "decorators": []
                }
              }
            }
          }
        }
      }
    }
  }
  