{
  "feature": "trimensions:deep_caverns/deepslate_replace_old",
  "placement": [
    {
      "type": "minecraft:count",
      "count": 20
    },
    {
      "type": "minecraft:count",
      "count": 256
    },
    {
      "type": "minecraft:in_square"
    },
    {
      "type": "minecraft:height_range",
      "height": {
        "type": "minecraft:uniform",
        "min_inclusive": {
          "above_bottom": 0
        },
        "max_inclusive": {
          "below_top": 0
        }
      }
    }
  ]
}
