{
    "depth": 0.9,
    "scale": 0.0001,
    "precipitation": "none",
    "category": "none",
    "temperature": 0.0,
    "temperature_modifier": "none",
    "downfall": 0.0,
    "player_spawn_friendly": true,
    "creature_spawn_probability": 0.7,
    "effects": {
        "fog_color": 3125885,
        "sky_color": 1850880,
        "water_color": 49585,
        "water_fog_color": 49601,
        "foliage_color": 6598756,
        "grass_color": 6589796,
        "grass_color_modifier": "none",
        "particle": {
            "options": {
                "type": "minecraft:ash"
            },
            "probability": 0.00075
        },
        "mood_sound": {
            "sound": "minecraft:ambient.cave",
            "tick_delay": 6000,
            "block_search_extent": 8,
            "offset": 2.0
        }
    },
    "surface_builder": "minecraft:stone",
    "carvers": {
        "air": [
            "minecraft:cave",
            "minecraft:canyon"
        ]
    },
    "features": [
        [],
        [
            "minecraft:lake_water"
        ],
        [],
        [],
        [],
        [],
        [],
        [],
        [
            "minecraft:glow_lichen",
            "minecraft:flower_default",
            "minecraft:brown_mushroom_normal",
            "minecraft:red_mushroom_normal",
            "minecraft:spring_water",
            "minecraft:spring_lava"
        ],
        []
    ],
    "starts": [],
    "spawn_costs": {
        "minecraft:zombie": {
            "energy_budget": 0.12,
            "charge": 1
        }
    },
    "spawners": {
        "monster": [
            {
                "type": "minecraft:zombie",
                "weight": 50,
                "minCount": 2,
                "maxCount": 4
            }
        ],
        "ambient": [
            {
              "type": "minecraft:bat",
              "weight": 10,
              "minCount": 8,
              "maxCount": 8
            }
          ],
          "creature": [],
        "water_creature": [],
        "water_ambient": [],
        "misc": []
    }
}