{
    "depth": 0.9,
    "scale": 0.0001,
    "precipitation": "none",
    "category": "none",
    "temperature": 0.0,
    "temperature_modifier": "none",
    "downfall": 0.0,
    "player_spawn_friendly": true,
    "creature_spawn_probability": 0.7,
    "effects": {
        "fog_color": 6583652,
        "sky_color": 0,
        "water_color": 6579350,
        "water_fog_color": 6579400,
        "grass_color_modifier": "none",
        "particle": {
            "options": {
                "type": "minecraft:spore_blossom_air"
            },
            "probability": 0.00075
        },
        "mood_sound": {
            "sound": "minecraft:ambient.cave",
            "tick_delay": 6000,
            "block_search_extent": 8,
            "offset": 2.0
        }
    },
    "surface_builder": "minecraft:stone",
    "carvers": {
        "air": [
            "minecraft:cave",
            "minecraft:canyon"
        ]
    },
    "features": [
        [],
        [
            "minecraft:lake_water"
        ],
        [],
        [],
        [],
        [],
        [
            "minecraft:disk_sand",
            "minecraft:disk_clay",
            "minecraft:disk_gravel"
        ],
        [],
        [
            "minecraft:patch_tall_grass_2",
            "minecraft:glow_lichen",
            "minecraft:spring_water",
            "minecraft:spring_lava",
            "minecraft:lush_caves_ceiling_vegetation",
            "minecraft:cave_vines",
            "minecraft:lush_caves_clay",
            "minecraft:lush_caves_vegetation",
            "minecraft:rooted_azalea_trees",
            "minecraft:spore_blossom",
            "minecraft:classic_vines_cave_feature"
        ],
        []
    ],
    "starts": [],
    "spawn_costs": {
        "minecraft:zombie": {
            "energy_budget": 0.12,
            "charge": 1
        }
    },
    "spawners": {
        "monster": [
            {
                "type": "minecraft:spider",
                "weight": 100,
                "minCount": 4,
                "maxCount": 4
              },
              {
                "type": "minecraft:zombie",
                "weight": 95,
                "minCount": 4,
                "maxCount": 4
              },
              {
                "type": "minecraft:zombie_villager",
                "weight": 5,
                "minCount": 1,
                "maxCount": 1
              },
              {
                "type": "minecraft:skeleton",
                "weight": 100,
                "minCount": 4,
                "maxCount": 4
              },
              {
                "type": "minecraft:creeper",
                "weight": 100,
                "minCount": 4,
                "maxCount": 4
              },
              {
                "type": "minecraft:slime",
                "weight": 100,
                "minCount": 4,
                "maxCount": 4
              },
              {
                "type": "minecraft:enderman",
                "weight": 10,
                "minCount": 1,
                "maxCount": 4
              },
              {
                "type": "minecraft:witch",
                "weight": 5,
                "minCount": 1,
                "maxCount": 1
              }
        ],
        "ambient": [
            {
              "type": "minecraft:bat",
              "weight": 10,
              "minCount": 8,
              "maxCount": 8
            }
          ],
          "creature": [],
        "water_creature": [],
        "water_ambient": [],
        "misc": []
    }
}