{
  "sea_level": 10,
  "disable_mob_generation": false,
  "aquifers_enabled": false,
  "ore_veins_enabled": true,
  "legacy_random_source": false,
  "default_block": {
    "Name": "minecraft:stone"
  },
  "default_fluid": {
    "Name": "minecraft:water",
    "Properties": {
      "level": "0"
    }
  },
  "noise": {
    "min_y": -64,
    "height": 384,
    "size_horizontal": 1,
    "size_vertical": 2,
    "sampling": {
      "xz_scale": 0.5,
      "y_scale": 0.15,
      "xz_factor": 300,
      "y_factor": 500
    },
    "bottom_slide": {
      "target": 0.4,
      "size": 15,
      "offset": 1
    },
    "top_slide": {
      "target": 0.5,
      "size": 10,
      "offset": 8
    },
    "terrain_shaper": {
      "offset": {
        "coordinate": "continents",
        "points": [
          {
            "location": 1.6,
            "derivative": 0,
            "value": 0.9
          },
          {
            "location": 1.4,
            "derivative": 0,
            "value": 0.7
          },
          {
            "location": 1.2,
            "derivative": 0,
            "value": 0.6
          },
          {
            "location": 0.9,
            "derivative": 0,
            "value": 0.8
          },
          {
            "location": 0.4,
            "derivative": 0,
            "value": 0.5
          },
          {
            "location": -0.4,
            "derivative": 0,
            "value": 0.333
          },
          {
            "location": -0.67,
            "derivative": 0,
            "value": 0.2
          },
          {
            "location": -1.2,
            "derivative": 0,
            "value": -0.456
          },
          {
            "location": -1.4,
            "derivative": 0,
            "value": -0.6942
          },
          {
            "location": -1.5,
            "derivative": 0,
            "value": -5
          }
        ]
      },
      "factor": {
        "coordinate": "continents",
        "points": [
          {
            "location": -1.5,
            "derivative": 0,
            "value": 0.01
          },
          {
            "location": 0,
            "derivative": 0,
            "value": 0.03
          },
          {
            "location": 1.5,
            "derivative": 0,
            "value": 0.1
          }
        ]
      },
      "jaggedness": {
        "coordinate": "continents",
        "points": [
          {
            "location": 1,
            "derivative": 0,
            "value": 0.7
          },
          {
            "location": 0.6,
            "derivative": 0,
            "value": 0.5
          },
          {
            "location": 0.3,
            "derivative": 0,
            "value": 0.4
          },
          {
            "location": 0,
            "derivative": 0,
            "value": 0
          },
          {
            "location": -0.3,
            "derivative": 0,
            "value": 0.5
          },
          {
            "location": -0.6,
            "derivative": 0,
            "value": 0.8
          },
          {
            "location": -1,
            "derivative": 0,
            "value": 1
          }
        ]
      }
    }
  },
  "surface_rule": {
    "type": "minecraft:sequence",
    "sequence": [
      {
        "type": "minecraft:condition",
        "if_true": {
          "type": "minecraft:not",
          "invert": {
            "type": "minecraft:vertical_gradient",
            "random_name": "minecraft:bedrock_roof",
            "true_at_and_below": {
              "below_top": 5
            },
            "false_at_and_above": {
              "below_top": 0
            }
          }
        },
        "then_run": {
          "type": "minecraft:block",
          "result_state": {
            "Name": "minecraft:bedrock"
          }
        }
      },
      {
        "type": "minecraft:condition",
        "if_true": {
          "type": "minecraft:vertical_gradient",
          "random_name": "minecraft:bedrock_floor",
          "true_at_and_below": {
            "above_bottom": 0
          },
          "false_at_and_above": {
            "above_bottom": 5
          }
        },
        "then_run": {
          "type": "minecraft:block",
          "result_state": {
            "Name": "minecraft:bedrock"
          }
        }
      },
      {
        "type": "minecraft:condition",
        "if_true": {
          "type": "minecraft:biome",
          "biome_is": [
            "trimensions:deep_caverns/deepslate_caverns"
          ]
        },
        "then_run": {
          "type": "minecraft:block",
          "result_state": {
            "Name": "minecraft:deepslate",
            "Properties": {
              "axis": "y"
            }
          }
        }
      },
      {
        "type": "minecraft:condition",
        "if_true": {
          "type": "minecraft:biome",
          "biome_is": [
            "trimensions:deep_caverns/icy_caverns"
          ]
        },
        "then_run": {
          "type": "minecraft:sequence",
          "sequence": [
            {
              "type": "minecraft:condition",
              "if_true": {
                "type": "minecraft:noise_threshold",
                "noise": "minecraft:calcite",
                "min_threshold": -0.0125,
                "max_threshold": 0.0125
              },
              "then_run": {
                "type": "minecraft:block",
                "result_state": {
                  "Name": "minecraft:packed_ice"
                }
              }
            },
            {
              "type": "minecraft:condition",
              "if_true": {
                "type": "minecraft:noise_threshold",
                "noise": "trimensions:cracks_gradient",
                "min_threshold": -0.25,
                "max_threshold": 0.25
              },
              "then_run": {
                "type": "minecraft:block",
                "result_state": {
                  "Name": "minecraft:ice"
                }
              }
            },
            {
              "type": "minecraft:condition",
              "if_true": {
                "type": "minecraft:noise_threshold",
                "noise": "trimensions:cracks_gradient",
                "min_threshold": -0.15,
                "max_threshold": 0.15
              },
              "then_run": {
                "type": "minecraft:block",
                "result_state": {
                  "Name": "minecraft:blue_ice"
                }
              }
            }
          ]
        }
      },
      {
        "type": "minecraft:condition",
        "if_true": {
          "type": "minecraft:biome",
          "biome_is": [
            "trimensions:deep_caverns/volcanic_vents"
          ]
        },
        "then_run": {
          "type": "minecraft:sequence",
          "sequence": [
            {
              "type": "minecraft:condition",
              "if_true": {
                "type": "minecraft:noise_threshold",
                "noise": "trimensions:cracks_gradient",
                "min_threshold": -0.25,
                "max_threshold": 0.25
              },
              "then_run": {
                "type": "minecraft:condition",
                "if_true": {
                  "type": "minecraft:noise_threshold",
                  "noise": "trimensions:mess",
                  "min_threshold": 0,
                  "max_threshold": 4
                },
                "then_run": {
                  "type": "minecraft:block",
                  "result_state": {
                    "Name": "minecraft:obsidian"
                  }
                }
              }
            },
            {
              "type": "minecraft:condition",
              "if_true": {
                "type": "minecraft:noise_threshold",
                "noise": "trimensions:cracks_gradient",
                "min_threshold": -0.15,
                "max_threshold": 0.15
              },
              "then_run": {
                "type": "minecraft:block",
                "result_state": {
                  "Name": "minecraft:magma_block"
                }
              }
            }
          ]
        }
      }
    ]
  },
  "noise_router": {
    "final_density": {
      "argument1": {
        "argument": {
          "argument1": 0.64,
          "argument2": {
            "argument": {
              "argument": {
                "argument": {
                  "max_exclusive": 1.5625,
                  "when_in_range": {
                    "argument1": "minecraft:overworld/sloped_cheese",
                    "argument2": {
                      "argument1": 5,
                      "argument2": "minecraft:overworld/caves/entrances",
                      "type": "minecraft:mul"
                    },
                    "type": "minecraft:min"
                  },
                  "when_out_of_range": {
                    "argument1": {
                      "argument1": {
                        "argument1": {
                          "argument1": {
                            "argument1": 4,
                            "argument2": {
                              "argument": {
                                "noise": "minecraft:cave_layer",
                                "xz_scale": 1,
                                "y_scale": 8,
                                "type": "minecraft:noise"
                              },
                              "type": "minecraft:square"
                            },
                            "type": "minecraft:mul"
                          },
                          "argument2": {
                            "argument1": {
                              "input": {
                                "argument1": 0.27,
                                "argument2": {
                                  "noise": "minecraft:cave_cheese",
                                  "xz_scale": 1,
                                  "y_scale": 0.6666666666666666,
                                  "type": "minecraft:noise"
                                },
                                "type": "minecraft:add"
                              },
                              "min": -1,
                              "max": 1,
                              "type": "minecraft:clamp"
                            },
                            "argument2": {
                              "input": {
                                "argument1": 1.5,
                                "argument2": {
                                  "argument1": -0.64,
                                  "argument2": "minecraft:overworld/sloped_cheese",
                                  "type": "minecraft:mul"
                                },
                                "type": "minecraft:add"
                              },
                              "min": 0,
                              "max": 0.5,
                              "type": "minecraft:clamp"
                            },
                            "type": "minecraft:add"
                          },
                          "type": "minecraft:add"
                        },
                        "argument2": "minecraft:overworld/caves/entrances",
                        "type": "minecraft:min"
                      },
                      "argument2": {
                        "argument1": "minecraft:overworld/caves/spaghetti_2d",
                        "argument2": "minecraft:overworld/caves/spaghetti_roughness_function",
                        "type": "minecraft:add"
                      },
                      "type": "minecraft:min"
                    },
                    "argument2": {
                      "max_exclusive": 0.03,
                      "when_in_range": -1000000,
                      "when_out_of_range": "minecraft:overworld/caves/pillars",
                      "input": "minecraft:overworld/caves/pillars",
                      "min_inclusive": -1000000,
                      "type": "minecraft:range_choice"
                    },
                    "type": "minecraft:max"
                  },
                  "input": "minecraft:overworld/sloped_cheese",
                  "min_inclusive": -1000000,
                  "type": "minecraft:range_choice"
                },
                "type": "minecraft:slide"
              },
              "type": "minecraft:blend_density"
            },
            "type": "minecraft:interpolated"
          },
          "type": "minecraft:mul"
        },
        "type": "minecraft:squeeze"
      },
      "argument2": "minecraft:overworld/caves/noodle",
      "type": "minecraft:min"
    },
    "vein_toggle": {
      "argument": {
        "max_exclusive": 51,
        "when_in_range": {
          "noise": "minecraft:ore_veininess",
          "xz_scale": 1.5,
          "y_scale": 1.5,
          "type": "minecraft:noise"
        },
        "when_out_of_range": 0,
        "input": "minecraft:y",
        "min_inclusive": -60,
        "type": "minecraft:range_choice"
      },
      "type": "minecraft:interpolated"
    },
    "vein_ridged": {
      "argument1": -0.07999999821186066,
      "argument2": {
        "argument1": {
          "argument": {
            "argument": {
              "max_exclusive": 51,
              "when_in_range": {
                "noise": "minecraft:ore_vein_a",
                "xz_scale": 4,
                "y_scale": 4,
                "type": "minecraft:noise"
              },
              "when_out_of_range": 0,
              "input": "minecraft:y",
              "min_inclusive": -60,
              "type": "minecraft:range_choice"
            },
            "type": "minecraft:interpolated"
          },
          "type": "minecraft:abs"
        },
        "argument2": {
          "argument": {
            "argument": {
              "max_exclusive": 51,
              "when_in_range": {
                "noise": "minecraft:ore_vein_b",
                "xz_scale": 4,
                "y_scale": 4,
                "type": "minecraft:noise"
              },
              "when_out_of_range": 0,
              "input": "minecraft:y",
              "min_inclusive": -60,
              "type": "minecraft:range_choice"
            },
            "type": "minecraft:interpolated"
          },
          "type": "minecraft:abs"
        },
        "type": "minecraft:max"
      },
      "type": "minecraft:add"
    },
    "vein_gap": {
      "noise": "minecraft:ore_gap",
      "xz_scale": 1,
      "y_scale": 1,
      "type": "minecraft:noise"
    },
    "erosion": "minecraft:overworld/erosion",
    "depth": "minecraft:overworld/depth",
    "ridges": "minecraft:overworld/ridges",
    "initial_density_without_jaggedness": {
      "argument1": 4,
      "argument2": {
        "argument": {
          "argument1": "minecraft:overworld/depth",
          "argument2": {
            "argument": "minecraft:overworld/factor",
            "type": "minecraft:cache_2d"
          },
          "type": "minecraft:mul"
        },
        "type": "minecraft:quarter_negative"
      },
      "type": "minecraft:mul"
    },
    "lava": 0,
    "temperature": {
      "xz_scale": 0.25,
      "y_scale": 0,
      "noise": "minecraft:temperature",
      "shift_x": "minecraft:shift_x",
      "shift_y": 0,
      "shift_z": "minecraft:shift_z",
      "type": "minecraft:shifted_noise"
    },
    "vegetation": {
      "xz_scale": 0.25,
      "y_scale": 0,
      "noise": "minecraft:vegetation",
      "shift_x": "minecraft:shift_x",
      "shift_y": 0,
      "shift_z": "minecraft:shift_z",
      "type": "minecraft:shifted_noise"
    },
    "continents": "minecraft:overworld/continents",
    "barrier": 0,
    "fluid_level_floodedness": 0,
    "fluid_level_spread": 0
  }
}
