{
  "bedrock_roof_position": 256,
  "bedrock_floor_position": 0,
  "sea_level": 39,
  "min_surface_level": 0,
  "disable_mob_generation": false,
  "noise_caves_enabled": false,
  "noodle_caves_enabled": false,
  "aquifers_enabled": false,
  "deepslate_enabled": false,
  "ore_veins_enabled": false,
  "default_block": {
    "Name": "minecraft:stone"
  },
  "default_fluid": {
    "Name": "minecraft:water",
    "Properties": {
      "level": "0"
    }
  },
  "noise": {
    "min_y": 0,
    "height": 256,
    "density_factor": 0.12,
    "density_offset": 0.019921875,
    "size_horizontal": 1,
    "size_vertical": 2,
    "simplex_surface_noise": false,
    "sampling": {
      "xz_scale": 0.2,
      "y_scale": 0.25,
      "xz_factor": 300,
      "y_factor": 360
    },
    "bottom_slide": {
      "target": 320,
      "size": 4,
      "offset": -1
    },
    "top_slide": {
      "target": 120,
      "size": 3,
      "offset": 0
    }
  },
  "structures": {
    "stronghold": {
      "distance": 32,
      "spread": 3,
      "count": 128
    },
    "structures": {
      "minecraft:mineshaft": {
        "spacing": 2,
        "separation": 1,
        "salt": 14357921
      },
      "minecraft:bastion_remnant": {
        "spacing": 9,
        "separation": 5,
        "salt": 0
      },
      "minecraft:stronghold": {
        "spacing": 32,
        "separation": 8,
        "salt": 14357619
      }
    }
  }
}
