{
  "sea_level": 0,
  "disable_mob_generation": false,
  "aquifers_enabled": true,
  "ore_veins_enabled": false,
  "legacy_random_source": false,
  "default_block": {
    "Name": "minecraft:stone"
  },
  "default_fluid": {
    "Name": "minecraft:water",
    "Properties": {
      "level": "0"
    }
  },
  "noise": {
    "min_y": 16,
    "height": 144,
    "size_horizontal": 2,
    "size_vertical": 1,
    "sampling": {
      "xz_scale": 3,
      "y_scale": 0.1,
      "xz_factor": 75,
      "y_factor": 150
    },
    "bottom_slide": {
      "target": -0.234375,
      "size": 8,
      "offset": 1
    },
    "top_slide": {
      "target": -15,
      "size": 64,
      "offset": -46
    },
    "terrain_shaper": {
      "offset": 0,
      "factor": {
        "coordinate": "ridges",
        "points": [
          {
            "location": 0,
            "derivative": 0,
            "value": {
              "coordinate": "ridges",
              "points": [
                {
                  "location": 1,
                  "derivative": 0.5,
                  "value": 0.2
                },
                {
                  "location": -1,
                  "derivative": 0.2,
                  "value": 0.3
                }
              ]
            }
          }
        ]
      },
      "jaggedness": 0.6
    }
  },
  "surface_rule": {
    "type": "minecraft:sequence",
    "sequence": [
      {
        "type": "minecraft:condition",
        "if_true": {
          "type": "minecraft:biome",
          "biome_is": [
            "trimensions:sky_mountains/sky_void"
          ]
        },
        "then_run": {
          "type": "minecraft:block",
          "result_state": {
            "Name": "minecraft:air"
          }
        }
      },
      {
        "type": "minecraft:condition",
        "if_true": {
          "type": "minecraft:above_preliminary_surface"
        },
        "then_run": {
          "type": "minecraft:sequence",
          "sequence": [
            {
              "type": "minecraft:condition",
              "if_true": {
                "type": "minecraft:stone_depth",
                "offset": 0,
                "surface_type": "floor",
                "add_surface_depth": true,
                "secondary_depth_range": 6
              },
              "then_run": {
                "type": "minecraft:sequence",
                "sequence": [
                  {
                    "type": "minecraft:condition",
                    "if_true": {
                      "type": "minecraft:biome",
                      "biome_is": [
                        "trimensions:sky_mountains/lapis_fields",
                        "trimensions:sky_mountains/tropical_islands",
                        "trimensions:sky_mountains/xp_forests",
                        "trimensions:sky_mountains/cold_island_edge",
                        "trimensions:sky_mountains/cold_islands",
                        "trimensions:sky_mountains/modified_cold_island_edge"
                      ]
                    },
                    "then_run": {
                      "type": "minecraft:block",
                      "result_state": {
                        "Name": "minecraft:dirt"
                      }
                    }
                  }
                ]
              }
            },
            {
              "type": "minecraft:condition",
              "if_true": {
                "type": "minecraft:stone_depth",
                "offset": 0,
                "surface_type": "floor",
                "add_surface_depth": false,
                "secondary_depth_range": 0
              },
              "then_run": {
                "type": "minecraft:sequence",
                "sequence": [
                  {
                    "type": "minecraft:condition",
                    "if_true": {
                      "type": "minecraft:biome",
                      "biome_is": [
                        "trimensions:sky_mountains/lapis_fields",
                        "trimensions:sky_mountains/tropical_islands",
                        "trimensions:sky_mountains/xp_forests"
                      ]
                    },
                    "then_run": {
                      "type": "minecraft:block",
                      "result_state": {
                        "Name": "minecraft:grass_block",
                        "Properties": {
                          "snowy": "false"
                        }
                      }
                    }
                  }
                ]
              }
            },
            {
              "type": "minecraft:condition",
              "if_true": {
                "type": "minecraft:stone_depth",
                "offset": 0,
                "surface_type": "floor",
                "add_surface_depth": false,
                "secondary_depth_range": 0
              },
              "then_run": {
                "type": "minecraft:sequence",
                "sequence": [
                  {
                    "type": "minecraft:condition",
                    "if_true": {
                      "type": "minecraft:biome",
                      "biome_is": [
                        "trimensions:sky_mountains/cold_island_edge",
                        "trimensions:sky_mountains/cold_islands",
                        "trimensions:sky_mountains/modified_cold_island_edge"
                      ]
                    },
                    "then_run": {
                      "type": "minecraft:block",
                      "result_state": {
                        "Name": "minecraft:stone"
                      }
                    }
                  }
                ]
              }
            },
            {
              "type": "minecraft:condition",
              "if_true": {
                "type": "minecraft:stone_depth",
                "offset": 0,
                "surface_type": "floor",
                "add_surface_depth": true,
                "secondary_depth_range": 6
              },
              "then_run": {
                "type": "minecraft:condition",
                "if_true": {
                  "type": "minecraft:biome",
                  "biome_is": [
                    "trimensions:sky_mountains/warm_islands_edge",
                    "trimensions:sky_mountains/warm_islands"
                  ]
                },
                "then_run": {
                  "type": "minecraft:block",
                  "result_state": {
                    "Name": "minecraft:sand"
                  }
                }
              }
            },
            {
              "type": "minecraft:condition",
              "if_true": {
                "type": "minecraft:stone_depth",
                "offset": 0,
                "surface_type": "floor",
                "add_surface_depth": false,
                "secondary_depth_range": 0
              },
              "then_run": {
                "type": "minecraft:condition",
                "if_true": {
                  "type": "minecraft:biome",
                  "biome_is": [
                    "trimensions:sky_mountains/warm_islands_edge",
                    "trimensions:sky_mountains/warm_islands"
                  ]
                },
                "then_run": {
                  "type": "minecraft:condition",
                  "if_true": {
                    "type": "minecraft:not",
                    "invert": {
                      "type": "minecraft:vertical_gradient",
                      "random_name": "sandstone_grad",
                      "true_at_and_below": {
                        "below_top": 0
                      },
                      "false_at_and_above": {
                        "below_top": 5
                      }
                    }
                  },
                  "then_run": {
                    "type": "minecraft:block",
                    "result_state": {
                      "Name": "minecraft:sandstone"
                    }
                  }
                }
              }
            }
          ]
        }
      },
      {
        "type": "minecraft:condition",
        "if_true": {
          "type": "minecraft:biome",
          "biome_is": [
            "trimensions:sky_mountains/sandy_islands"
          ]
        },
        "then_run": {
          "type": "minecraft:bandlands"
        }
      }
    ]
  },
  "noise_router": {
    "final_density": {
      "argument1": {
        "argument": {
          "argument1": 0.64,
          "argument2": {
            "argument": {
              "argument": {
                "argument": {
                  "max_exclusive": 1.5625,
                  "when_in_range": {
                    "argument1": "minecraft:overworld/sloped_cheese",
                    "argument2": {
                      "argument1": 5,
                      "argument2": "minecraft:overworld/caves/entrances",
                      "type": "minecraft:mul"
                    },
                    "type": "minecraft:min"
                  },
                  "when_out_of_range": {
                    "argument1": {
                      "argument1": {
                        "argument1": {
                          "argument1": {
                            "argument1": 4,
                            "argument2": {
                              "argument": {
                                "noise": "minecraft:cave_layer",
                                "xz_scale": 1,
                                "y_scale": 8,
                                "type": "minecraft:noise"
                              },
                              "type": "minecraft:square"
                            },
                            "type": "minecraft:mul"
                          },
                          "argument2": {
                            "argument1": {
                              "input": {
                                "argument1": 0.27,
                                "argument2": {
                                  "noise": "minecraft:cave_cheese",
                                  "xz_scale": 1,
                                  "y_scale": 0.6666666666666666,
                                  "type": "minecraft:noise"
                                },
                                "type": "minecraft:add"
                              },
                              "min": -1,
                              "max": 1,
                              "type": "minecraft:clamp"
                            },
                            "argument2": {
                              "input": {
                                "argument1": 1.5,
                                "argument2": {
                                  "argument1": -0.64,
                                  "argument2": "minecraft:overworld/sloped_cheese",
                                  "type": "minecraft:mul"
                                },
                                "type": "minecraft:add"
                              },
                              "min": 0,
                              "max": 0.5,
                              "type": "minecraft:clamp"
                            },
                            "type": "minecraft:add"
                          },
                          "type": "minecraft:add"
                        },
                        "argument2": "minecraft:overworld/caves/entrances",
                        "type": "minecraft:min"
                      },
                      "argument2": {
                        "argument1": "minecraft:overworld/caves/spaghetti_2d",
                        "argument2": "minecraft:overworld/caves/spaghetti_roughness_function",
                        "type": "minecraft:add"
                      },
                      "type": "minecraft:min"
                    },
                    "argument2": {
                      "max_exclusive": 0.03,
                      "when_in_range": -1000000,
                      "when_out_of_range": "minecraft:overworld/caves/pillars",
                      "input": "minecraft:overworld/caves/pillars",
                      "min_inclusive": -1000000,
                      "type": "minecraft:range_choice"
                    },
                    "type": "minecraft:max"
                  },
                  "input": "minecraft:overworld/sloped_cheese",
                  "min_inclusive": -1000000,
                  "type": "minecraft:range_choice"
                },
                "type": "minecraft:slide"
              },
              "type": "minecraft:blend_density"
            },
            "type": "minecraft:interpolated"
          },
          "type": "minecraft:mul"
        },
        "type": "minecraft:squeeze"
      },
      "argument2": "minecraft:overworld/caves/noodle",
      "type": "minecraft:min"
    },
    "vein_toggle": 0,
    "vein_ridged": 0,
    "vein_gap": 0,
    "erosion": "minecraft:overworld/erosion",
    "depth": "minecraft:overworld/depth",
    "ridges": "minecraft:overworld/ridges",
    "initial_density_without_jaggedness": {
      "argument1": 4,
      "argument2": {
        "argument": {
          "argument1": "minecraft:overworld/depth",
          "argument2": {
            "argument": "minecraft:overworld/factor",
            "type": "minecraft:cache_2d"
          },
          "type": "minecraft:mul"
        },
        "type": "minecraft:quarter_negative"
      },
      "type": "minecraft:mul"
    },
    "lava": {
      "noise": "minecraft:aquifer_lava",
      "xz_scale": 1,
      "y_scale": 1,
      "type": "minecraft:noise"
    },
    "temperature": {
      "xz_scale": 0.25,
      "y_scale": 0,
      "noise": "minecraft:temperature",
      "shift_x": "minecraft:shift_x",
      "shift_y": 0,
      "shift_z": "minecraft:shift_z",
      "type": "minecraft:shifted_noise"
    },
    "vegetation": {
      "xz_scale": 0.25,
      "y_scale": 0,
      "noise": "minecraft:vegetation",
      "shift_x": "minecraft:shift_x",
      "shift_y": 0,
      "shift_z": "minecraft:shift_z",
      "type": "minecraft:shifted_noise"
    },
    "continents": "minecraft:overworld/continents",
    "barrier": {
      "noise": "minecraft:aquifer_barrier",
      "xz_scale": 1,
      "y_scale": 0.5,
      "type": "minecraft:noise"
    },
    "fluid_level_floodedness": {
      "noise": "minecraft:aquifer_fluid_level_floodedness",
      "xz_scale": 1,
      "y_scale": 0.67,
      "type": "minecraft:noise"
    },
    "fluid_level_spread": {
      "noise": "minecraft:aquifer_fluid_level_spread",
      "xz_scale": 1,
      "y_scale": 0.7142857142857143,
      "type": "minecraft:noise"
    }
  }
}
