{
    "surface_builder": "minecraft:stone",
    "depth": 0.1,
    "scale": 0.9,
    "temperature": 0,
    "downfall": 0,
    "precipitation": "none",
    "temperature_modifier": "none",
    "category": "none",
    "player_spawn_friendly": true,
    "creature_spawn_probability": 0.7,
    "effects": {
      "sky_color": 0,
      "fog_color": 3289650,
      "water_color": 6579350,
      "water_fog_color": 6579400,
      "grass_color": 6583652,
      "foliage_color": 6579300,
      "grass_color_modifier": "none",
      "mood_sound": {
        "sound": "minecraft:ambient.cave",
        "tick_delay": 6000,
        "block_search_extent": 8,
        "offset": 2
      },
      "particle": {
        "options": {
          "type": "minecraft:spit"
        },
        "probability": 0.0075
      }
    },
    "starts": [],
    "spawners": {
      "monster": [
        {
          "type": "minecraft:spider",
          "weight": 90,
          "minCount": 4,
          "maxCount": 4
        },
        {
          "type": "minecraft:zombie",
          "weight": 69,
          "minCount": 4,
          "maxCount": 4
        },
        {
          "type": "minecraft:zombie_villager",
          "weight": 5,
          "minCount": 1,
          "maxCount": 1
        },
        {
          "type": "minecraft:skeleton",
          "weight": 50,
          "minCount": 4,
          "maxCount": 4
        },
        {
          "type": "minecraft:creeper",
          "weight": 50,
          "minCount": 4,
          "maxCount": 4
        },
        {
          "type": "minecraft:slime",
          "weight": 75,
          "minCount": 4,
          "maxCount": 4
        },
        {
          "type": "minecraft:enderman",
          "weight": 5,
          "minCount": 1,
          "maxCount": 4
        },
        {
          "type": "minecraft:witch",
          "weight": 3,
          "minCount": 1,
          "maxCount": 1
        }
      ],
      "ambient": [
        {
          "type": "minecraft:bat",
          "weight": 10,
          "minCount": 8,
          "maxCount": 8
        }
      ],
      "creature": [],
      "water_creature": [],
      "water_ambient": [],
      "misc": []
    },
    "spawn_costs": {
      "minecraft:zombie": {
        "energy_budget": 0.12,
        "charge": 1
      }
    },
    "carvers": {
      "air": [
        "minecraft:cave",
        "minecraft:canyon",
        "minecraft:prototype_cave"
      ]
    },
    "features": [
      [],
      [
        "minecraft:lake_water"
      ],
      [],
      [],
      [
        "trimensions:deep_caverns/large_dripstone"
      ],
      [],
      [],
      [],
      [
        "minecraft:glow_lichen",
        "minecraft:flower_default",
        "minecraft:brown_mushroom_normal",
        "minecraft:red_mushroom_normal",
        "minecraft:spring_water",
        "minecraft:spring_lava",
        "trimensions:deep_caverns/dripping_ice"
      ],
      []
    ]
  }